[
  {
    "value": "priya",
    "synonyms": [
      "priya"
    ]
  },
  {
    "value": "rita",
    "synonyms": [
      "rita"
    ]
  },
  {
    "value": "ramb",
    "synonyms": [
      "ramb"
    ]
  },
  {
    "value": "pihu",
    "synonyms": [
      "pihu"
    ]
  },
  {
    "value": "ramu",
    "synonyms": [
      "ramu"
    ]
  },
  {
    "value": "birwati ",
    "synonyms": [
      "birwati "
    ]
  },
  {
    "value": "ankit",
    "synonyms": [
      "ankit"
    ]
  },
  {
    "value": "raja",
    "synonyms": [
      "raja"
    ]
  },
  {
    "value": "riku",
    "synonyms": [
      "riku"
    ]
  },
  {
    "value": "biro",
    "synonyms": [
      "biro"
    ]
  },
  {
    "value": "raju",
    "synonyms": [
      "raju"
    ]
  },
  {
    "value": "rambir",
    "synonyms": [
      "rambir"
    ]
  },
  {
    "value": "cheeku",
    "synonyms": [
      "cheeku",
      "cheek",
      "cheekan"
    ]
  }
]