[
  {
    "id": "c4c51043-06c0-4f7d-87da-9376f13b9aff",
    "data": [
      {
        "text": "riku",
        "alias": "name",
        "meta": "@sys.given-name",
        "userDefined": true
      },
      {
        "text": " and ",
        "userDefined": false
      },
      {
        "text": "7878787",
        "alias": "phone_number",
        "meta": "@sys.phone-number",
        "userDefined": false
      }
    ],
    "isTemplate": false,
    "count": 0,
    "updated": 0
  },
  {
    "id": "4d9dcfef-10c1-4706-962e-58c364e8109b",
    "data": [
      {
        "text": "rambir",
        "alias": "name",
        "meta": "@sys.given-name",
        "userDefined": false
      },
      {
        "text": " ",
        "userDefined": false
      },
      {
        "text": "1212121212",
        "alias": "phone_number",
        "meta": "@sys.phone-number",
        "userDefined": true
      }
    ],
    "isTemplate": false,
    "count": 0,
    "updated": 0
  },
  {
    "id": "ade6bce6-d7c4-4443-a6dc-f1681c69fad2",
    "data": [
      {
        "text": "biro",
        "alias": "name",
        "meta": "@sys.given-name",
        "userDefined": true
      },
      {
        "text": " and ",
        "userDefined": false
      },
      {
        "text": "5656565",
        "alias": "phone_number",
        "meta": "@sys.phone-number",
        "userDefined": false
      }
    ],
    "isTemplate": false,
    "count": 0,
    "updated": 0
  },
  {
    "id": "3d6a3dec-2289-4d24-b27a-ddf8c623857c",
    "data": [
      {
        "text": "yes please ",
        "userDefined": false
      },
      {
        "text": "priya",
        "alias": "name",
        "meta": "@sys.given-name",
        "userDefined": false
      },
      {
        "text": " ",
        "userDefined": false
      },
      {
        "text": "9538591226",
        "alias": "phone_number",
        "meta": "@sys.phone-number",
        "userDefined": false
      }
    ],
    "isTemplate": false,
    "count": 0,
    "updated": 0
  },
  {
    "id": "a659827d-9488-4e57-8462-8cdd78d2bca1",
    "data": [
      {
        "text": "Sure its ",
        "userDefined": false
      },
      {
        "text": "ramu",
        "alias": "name",
        "meta": "@sys.given-name",
        "userDefined": false
      },
      {
        "text": " ",
        "userDefined": false
      },
      {
        "text": "8956412357",
        "alias": "phone_number",
        "meta": "@sys.phone-number",
        "userDefined": false
      }
    ],
    "isTemplate": false,
    "count": 0,
    "updated": 0
  },
  {
    "id": "08351593-81d1-4344-b49c-ebdc4024de2c",
    "data": [
      {
        "text": "yes my name is  ",
        "userDefined": false
      },
      {
        "text": "raju",
        "alias": "name",
        "meta": "@sys.given-name",
        "userDefined": true
      },
      {
        "text": " ",
        "userDefined": false
      },
      {
        "text": "8965412365",
        "alias": "phone_number",
        "meta": "@sys.phone-number",
        "userDefined": false
      }
    ],
    "isTemplate": false,
    "count": 0,
    "updated": 0
  },
  {
    "id": "1f832a1d-e64b-4598-9d39-998e71e25f07",
    "data": [
      {
        "text": "priya",
        "alias": "name",
        "meta": "@sys.given-name",
        "userDefined": true
      },
      {
        "text": " ",
        "userDefined": false
      },
      {
        "text": "8095682907",
        "alias": "phone_number",
        "meta": "@sys.phone-number",
        "userDefined": false
      }
    ],
    "isTemplate": false,
    "count": 0,
    "updated": 0
  },
  {
    "id": "5fd32138-c7ac-4f93-93d8-60eb8b1a0945",
    "data": [
      {
        "text": "ankit",
        "alias": "name",
        "meta": "@sys.given-name",
        "userDefined": true
      },
      {
        "text": " ",
        "userDefined": false
      },
      {
        "text": "8792778818",
        "alias": "phone_number",
        "meta": "@sys.phone-number",
        "userDefined": false
      }
    ],
    "isTemplate": false,
    "count": 0,
    "updated": 0
  },
  {
    "id": "cf60b9f0-e319-4cca-aa99-807dd15961bd",
    "data": [
      {
        "text": "8792778818",
        "alias": "phone_number",
        "meta": "@sys.phone-number",
        "userDefined": false
      },
      {
        "text": " ",
        "userDefined": false
      },
      {
        "text": "ankit",
        "alias": "name",
        "meta": "@sys.given-name",
        "userDefined": true
      }
    ],
    "isTemplate": false,
    "count": 0,
    "updated": 0
  }
]