[
  {
    "id": "5206774c-40d4-498d-a5be-bd4dd0651275",
    "data": [
      {
        "text": "birwati",
        "alias": "given_name",
        "meta": "@sys.given-name",
        "userDefined": true
      },
      {
        "text": " and ",
        "userDefined": false
      },
      {
        "text": "1123132456",
        "alias": "phone_number",
        "meta": "@sys.phone-number",
        "userDefined": true
      }
    ],
    "isTemplate": false,
    "count": 0,
    "updated": 0
  },
  {
    "id": "e71c9518-9ee2-4252-832b-94958c5d5064",
    "data": [
      {
        "text": "biro",
        "alias": "given_name",
        "meta": "@sys.given-name",
        "userDefined": false
      },
      {
        "text": " and ",
        "userDefined": false
      },
      {
        "text": "465454",
        "alias": "phone_number",
        "meta": "@sys.phone-number",
        "userDefined": true
      }
    ],
    "isTemplate": false,
    "count": 0,
    "updated": 0
  },
  {
    "id": "4e9c7385-81de-4a8e-ad74-29f164593159",
    "data": [
      {
        "text": "atul",
        "alias": "given_name",
        "meta": "@sys.given-name",
        "userDefined": false
      },
      {
        "text": " and ",
        "userDefined": false
      },
      {
        "text": "564564",
        "alias": "phone_number",
        "meta": "@sys.phone-number",
        "userDefined": true
      }
    ],
    "isTemplate": false,
    "count": 0,
    "updated": 0
  },
  {
    "id": "862a0bf7-61b2-4baa-970f-ff5174805c0f",
    "data": [
      {
        "text": "rambir",
        "alias": "given_name",
        "meta": "@sys.given-name",
        "userDefined": false
      },
      {
        "text": " and ",
        "userDefined": false
      },
      {
        "text": "9538565666",
        "alias": "phone_number",
        "meta": "@sys.phone-number",
        "userDefined": false
      }
    ],
    "isTemplate": false,
    "count": 0,
    "updated": 0
  },
  {
    "id": "5188d4d7-705a-4279-9af4-c02abeffee4c",
    "data": [
      {
        "text": "rambo",
        "alias": "given_name",
        "meta": "@sys.given-name",
        "userDefined": true
      },
      {
        "text": " and ",
        "userDefined": false
      },
      {
        "text": "787878778",
        "alias": "phone_number",
        "meta": "@sys.phone-number",
        "userDefined": false
      }
    ],
    "isTemplate": false,
    "count": 0,
    "updated": 0
  },
  {
    "id": "928bb2f6-a1b8-4774-abe9-118359c8a8d7",
    "data": [
      {
        "text": "ankit",
        "alias": "given_name",
        "meta": "@sys.given-name",
        "userDefined": false
      },
      {
        "text": " and ",
        "userDefined": false
      },
      {
        "text": "45456456456",
        "alias": "phone_number",
        "meta": "@sys.phone-number",
        "userDefined": false
      }
    ],
    "isTemplate": false,
    "count": 0,
    "updated": 0
  },
  {
    "id": "78a02729-6cac-4ba0-a58f-010ebf75e476",
    "data": [
      {
        "text": "pihu",
        "alias": "given_name",
        "meta": "@sys.given-name",
        "userDefined": false
      },
      {
        "text": " and ",
        "userDefined": false
      },
      {
        "text": "8792778818",
        "alias": "phone_number",
        "meta": "@sys.phone-number",
        "userDefined": false
      }
    ],
    "isTemplate": false,
    "count": 0,
    "updated": 0
  }
]