[
  {
    "id": "67b1f677-2147-436e-b37a-d5a9b2fc8cae",
    "data": [
      {
        "text": "status",
        "userDefined": false
      }
    ],
    "isTemplate": false,
    "count": 0,
    "updated": 0
  },
  {
    "id": "f5f06a2c-8e1e-4b26-9188-724531c3394d",
    "data": [
      {
        "text": "check my pizza status",
        "userDefined": false
      }
    ],
    "isTemplate": false,
    "count": 0,
    "updated": 0
  },
  {
    "id": "adfcacd4-2ff0-4c51-9bd1-0e794db232dc",
    "data": [
      {
        "text": "Order Status",
        "userDefined": false
      }
    ],
    "isTemplate": false,
    "count": 0,
    "updated": 0
  },
  {
    "id": "55641450-dd11-41b1-b12b-6f4291ba4bf0",
    "data": [
      {
        "text": "Where is my order",
        "userDefined": false
      }
    ],
    "isTemplate": false,
    "count": 0,
    "updated": 0
  }
]